City_ID,City,Country,Date,Lat,Lng,Max Temp,Humidity,Cloudiness,Wind Speed
0,Fairbanks,US,2021-11-03 21:25:22,64.8378,-147.7164,35.6,90,90,0.0
1,Atuona,PF,2021-11-03 21:25:22,-9.8,-139.0333,78.03,66,61,12.44
2,Port Elizabeth,ZA,2021-11-03 21:20:51,-33.918,25.5701,55.69,88,0,2.3
3,Nizhnyaya Tavda,RU,2021-11-03 21:25:23,57.6731,66.1725,20.55,82,100,9.95
4,Puerto Ayora,EC,2021-11-03 21:25:23,-0.7393,-90.3518,80.56,76,83,10.04
5,Ushuaia,AR,2021-11-03 21:22:05,-54.8,-68.3,47.86,61,75,24.16
6,Punta Arenas,CL,2021-11-03 21:25:24,-53.15,-70.9167,53.71,50,0,26.46
7,New Norfolk,AU,2021-11-03 21:25:24,-42.7826,147.0587,58.75,80,6,1.01
8,Sechura,PE,2021-11-03 21:25:25,-5.5569,-80.8222,74.75,56,34,15.46
9,Hay River,CA,2021-11-03 21:25:25,60.8156,-115.7999,48.18,49,75,9.22
10,Kuytun,RU,2021-11-03 21:25:26,54.3419,101.5036,4.93,79,100,12.59
11,Presidencia Roque Saenz Pena,AR,2021-11-03 21:25:26,-26.7852,-60.4388,86.9,43,96,3.83
12,Tungor,RU,2021-11-03 21:25:27,53.3808,142.9564,30.67,92,34,11.18
13,Barrow,US,2021-11-03 21:25:27,71.2906,-156.7887,26.62,80,90,16.11
14,Kargasok,RU,2021-11-03 21:25:27,59.0556,80.8572,8.89,85,99,8.88
15,Katsuura,JP,2021-11-03 21:25:28,35.1333,140.3,59.14,65,92,9.33
16,Pisco,PE,2021-11-03 21:25:28,-13.7,-76.2167,69.85,73,0,10.36
17,Mataura,NZ,2021-11-03 21:25:29,-46.1927,168.8643,59.49,49,30,2.33
18,Albany,US,2021-11-03 21:22:05,42.6001,-73.9662,46.51,59,71,8.88
19,Aklavik,CA,2021-11-03 21:25:29,68.2191,-135.0107,18.43,93,80,7.85
20,Manjeshwar,IN,2021-11-03 21:25:30,12.7194,74.8861,77.95,89,100,3.38
21,Hilo,US,2021-11-03 21:25:30,19.7297,-155.09,87.28,64,20,9.22
22,Vaini,TO,2021-11-03 21:25:31,-21.2,-175.2,80.76,94,75,9.22
23,Kavaratti,IN,2021-11-03 21:25:31,10.5669,72.642,81.57,78,100,11.45
24,Port Alfred,ZA,2021-11-03 21:25:31,-33.5906,26.891,63.21,88,0,1.48
25,Lorengau,PG,2021-11-03 21:25:32,-2.0226,147.2712,81.81,81,88,11.34
26,Margate,GB,2021-11-03 21:25:32,51.3813,1.3862,47.7,94,100,23.24
27,Requena,ES,2021-11-03 21:25:33,39.4883,-1.1004,49.71,60,0,8.79
28,Qaanaaq,GL,2021-11-03 21:25:33,77.484,-69.3632,4.96,59,0,8.41
29,Si Sa Ket,TH,2021-11-03 21:25:33,14.8333,104.3333,72.32,90,100,2.77
30,Avera,US,2021-11-03 21:25:34,33.194,-82.5271,63.91,46,61,7.52
31,Butaritari,KI,2021-11-03 21:25:34,3.0707,172.7902,83.17,71,100,15.73
32,Hermanus,ZA,2021-11-03 21:25:34,-34.4187,19.2345,60.91,79,3,11.7
33,Bethel,US,2021-11-03 21:25:35,41.3712,-73.414,50.09,55,20,10.36
34,Rikitea,PF,2021-11-03 21:25:35,-23.1203,-134.9692,73.8,73,100,14.99
35,Tasiilaq,GL,2021-11-03 21:25:36,65.6145,-37.6368,30.36,82,24,8.3
36,Cap Malheureux,MU,2021-11-03 21:25:36,-19.9842,57.6142,73.89,79,2,3.0
37,Saskylakh,RU,2021-11-03 21:25:37,71.9167,114.0833,-8.59,93,69,9.17
38,Busselton,AU,2021-11-03 21:25:37,-33.65,115.3333,42.08,87,89,4.88
39,Cape Town,ZA,2021-11-03 21:22:55,-33.9258,18.4232,62.28,80,75,9.22
40,Jamestown,US,2021-11-03 21:24:52,42.097,-79.2353,40.3,67,90,4.0
41,Chokurdakh,RU,2021-11-03 21:25:38,70.6333,147.9167,-9.92,99,94,6.6
42,Sayville,US,2021-11-03 21:20:43,40.7359,-73.0821,52.29,52,20,1.01
43,Kjollefjord,NO,2021-11-03 21:25:38,70.9457,27.3465,41.05,87,75,19.57
44,Mount Isa,AU,2021-11-03 21:25:39,-20.7333,139.5,76.77,73,40,3.44
45,Tiksi,RU,2021-11-03 21:25:39,71.6872,128.8694,-10.35,98,92,9.19
46,Nikolskoye,RU,2021-11-03 21:25:40,59.7035,30.7861,44.87,89,100,9.42
47,Avarua,CK,2021-11-03 21:26:40,-21.2078,-159.775,78.85,65,20,13.8
48,Noumea,NC,2021-11-03 21:26:41,-22.2763,166.4572,73.99,99,3,8.01
49,Bubaque,GW,2021-11-03 21:26:41,11.2833,-15.8333,82.18,77,7,9.6
50,Port Lincoln,AU,2021-11-03 21:26:42,-34.7333,135.8667,56.64,75,6,7.49
51,Warri,NG,2021-11-03 21:24:15,5.5167,5.75,77.45,90,15,5.17
52,Vostok,RU,2021-11-03 21:26:42,46.4856,135.8833,29.12,78,84,3.62
53,Maragogi,BR,2021-11-03 21:26:43,-9.0122,-35.2225,79.41,81,26,16.89
54,East London,ZA,2021-11-03 21:26:43,-33.0153,27.9116,64.2,84,0,9.08
55,Mehamn,NO,2021-11-03 21:26:43,71.0357,27.8492,41.18,87,75,19.57
56,La Asuncion,VE,2021-11-03 21:26:44,11.0333,-63.8628,73.13,100,100,13.8
57,Yumen,CN,2021-11-03 21:26:44,40.2833,97.2,38.55,25,0,7.92
58,Brae,GB,2021-11-03 21:26:45,60.3964,-1.353,45.23,82,100,28.66
59,Alyangula,AU,2021-11-03 21:26:45,-13.8483,136.4192,78.67,94,18,0.0
60,Yellowknife,CA,2021-11-03 21:26:46,62.456,-114.3525,40.41,95,40,11.5
61,Ilulissat,GL,2021-11-03 21:26:46,69.2167,-51.1,28.6,77,88,9.42
62,Bluff,NZ,2021-11-03 21:26:46,-46.6,168.3333,59.81,65,29,4.63
63,Plouzane,FR,2021-11-03 21:26:47,48.3833,-4.6167,52.09,87,75,11.5
64,Solnechnyy,RU,2021-11-03 21:26:47,50.7214,136.6319,30.76,45,100,2.77
65,Raudeberg,NO,2021-11-03 21:26:48,61.9875,5.1352,45.27,71,8,4.27
66,Upernavik,GL,2021-11-03 21:26:48,72.7868,-56.1549,24.49,92,100,6.96
67,Chuy,UY,2021-11-03 21:26:48,-33.6971,-53.4616,65.1,97,100,13.27
68,Waitati,NZ,2021-11-03 21:26:49,-45.75,170.5667,53.8,55,0,12.57
69,Cherskiy,RU,2021-11-03 21:26:49,68.75,161.3,-18.87,98,85,6.49
70,Saint George,US,2021-11-03 21:26:50,37.1041,-113.5841,77.47,30,1,1.99
71,Montepuez,MZ,2021-11-03 21:26:50,-13.1256,38.9997,72.63,77,6,8.61
72,Codrington,AU,2021-11-03 21:26:50,-38.2667,141.9667,55.09,85,16,7.38
73,San Pedro De Macoris,DO,2021-11-03 21:26:51,18.4616,-69.2972,83.01,71,87,6.31
74,Husavik,IS,2021-11-03 21:26:51,66.0449,-17.3389,42.71,77,88,18.97
75,Georgetown,MY,2021-11-03 21:26:52,5.4112,100.3354,77.95,92,20,1.01
76,Kirovskiy,RU,2021-11-03 21:26:52,45.0917,133.5136,41.92,78,100,4.45
77,Kinablangan,PH,2021-11-03 21:26:52,7.6947,126.5503,77.81,86,35,3.53
78,Saldanha,ZA,2021-11-03 21:26:53,-33.0117,17.9442,59.05,85,5,7.2
79,Hobart,AU,2021-11-03 21:26:53,-42.8794,147.3294,59.11,85,20,1.01
80,Baruun-Urt,MN,2021-11-03 21:26:54,46.6806,113.2792,30.09,66,5,8.63
81,Weligama,LK,2021-11-03 21:23:59,5.9667,80.4167,78.13,87,100,8.72
82,Leningradskiy,RU,2021-11-03 21:26:54,69.3833,178.4167,-8.79,91,31,6.55
83,Olafsvik,IS,2021-11-03 21:26:55,64.8945,-23.7142,42.19,81,99,21.65
84,Guanhaes,BR,2021-11-03 21:22:46,-18.775,-42.9325,71.8,77,86,0.04
85,Cayenne,GF,2021-11-03 21:26:55,4.9333,-52.3333,82.44,80,0,4.0
86,Cotonou,BJ,2021-11-03 21:26:56,6.3654,2.4183,82.38,78,20,9.22
87,Atambua,ID,2021-11-03 21:26:56,-9.1061,124.8925,75.0,88,84,4.34
88,Severo-Kurilsk,RU,2021-11-03 21:26:57,50.6789,156.125,36.63,79,50,3.51
89,Pacific Grove,US,2021-11-03 21:26:57,36.6177,-121.9166,79.61,71,1,5.01
90,Mahebourg,MU,2021-11-03 21:26:58,-20.4081,57.7,73.69,83,40,5.75
91,Reconquista,AR,2021-11-03 21:26:58,-29.15,-59.65,85.21,45,42,6.33
92,Verkhnevilyuysk,RU,2021-11-03 21:27:58,63.4453,120.3167,10.65,94,97,8.48
93,Xining,CN,2021-11-03 21:27:59,36.6167,101.7667,34.05,50,1,2.19
94,Eyl,SO,2021-11-03 21:27:59,7.9803,49.8164,77.86,78,100,8.16
95,Provideniya,RU,2021-11-03 21:28:00,64.3833,-173.3,11.39,81,100,12.53
96,Luderitz,NA,2021-11-03 21:28:00,-26.6481,15.1594,58.96,61,3,15.5
97,Dikson,RU,2021-11-03 21:28:00,73.5069,80.5464,14.86,93,71,8.1
98,Bonthe,SL,2021-11-03 21:28:01,7.5264,-12.505,79.18,82,53,4.9
99,Birao,CF,2021-11-03 21:28:02,10.2849,22.7882,78.37,44,77,2.66
100,Longyearbyen,SJ,2021-11-03 21:28:03,78.2186,15.6401,19.24,68,75,20.71
101,Cabo San Lucas,MX,2021-11-03 21:23:34,22.8909,-109.9124,89.51,58,0,6.62
102,Nabire,ID,2021-11-03 21:28:04,-3.3667,135.4833,75.49,92,73,3.06
103,Kapaa,US,2021-11-03 21:28:04,22.0752,-159.319,81.48,73,40,1.99
104,Ostrovnoy,RU,2021-11-03 21:28:04,68.0531,39.5131,37.81,92,95,25.68
105,Arraial Do Cabo,BR,2021-11-03 21:28:05,-22.9661,-42.0278,71.56,94,40,13.8
106,Oussouye,SN,2021-11-03 21:28:05,12.485,-16.5469,82.49,76,8,5.19
107,Mar Del Plata,AR,2021-11-03 21:24:00,-38.0023,-57.5575,64.42,99,40,8.99
108,College,US,2021-11-03 21:28:06,64.8569,-147.8028,35.58,90,75,0.0
109,Vasyshcheve,UA,2021-11-03 21:28:06,49.8285,36.3269,52.48,100,90,4.47
110,Sheltozero,RU,2021-11-03 21:28:07,61.3667,35.3667,41.29,90,87,15.21
111,Khandyga,RU,2021-11-03 21:28:07,62.6667,135.6,15.26,97,100,3.67
112,Souillac,MU,2021-11-03 21:28:08,-20.5167,57.5167,73.78,83,40,5.75
113,Devonport,AU,2021-11-03 21:28:08,-41.1667,146.35,57.09,88,48,6.24
114,Grindavik,IS,2021-11-03 21:28:09,63.8424,-22.4338,43.27,81,90,20.71
115,Kodinsk,RU,2021-11-03 21:28:09,58.6881,99.1844,7.63,89,100,8.43
116,Tuktoyaktuk,CA,2021-11-03 21:28:10,69.4541,-133.0374,19.4,93,75,8.05
117,Lata,PT,2021-11-03 21:28:10,40.1629,-8.3327,49.06,89,6,0.81
118,Sisimiut,GL,2021-11-03 21:28:11,66.9395,-53.6735,33.93,99,100,10.16
119,Touros,BR,2021-11-03 21:28:11,-5.1989,-35.4608,81.5,75,6,12.68
120,Tiarei,PF,2021-11-03 21:28:11,-17.5333,-149.3333,84.22,80,42,14.67
121,Laguna,US,2021-11-03 21:23:34,38.421,-121.4238,76.44,62,1,1.01
122,Port-Gentil,GA,2021-11-03 21:28:12,-0.7193,8.7815,78.76,89,40,9.22
123,Sao Filipe,CV,2021-11-03 21:28:12,14.8961,-24.4956,79.9,73,97,6.02
124,Woodstock,CA,2021-11-03 21:28:13,43.1334,-80.7497,42.03,84,95,9.53
125,Tigil,RU,2021-11-03 21:28:13,57.8,158.6667,30.27,89,44,15.86
126,Phatthalung,TH,2021-11-03 21:28:14,7.5,100.0833,76.01,92,100,7.85
127,Dauphin,CA,2021-11-03 21:28:14,51.1494,-100.0502,50.14,37,1,11.5
128,Santa Isabel Do Rio Negro,BR,2021-11-03 21:28:15,-0.4139,-65.0192,86.23,69,99,1.68
129,Alofi,NU,2021-11-03 21:28:15,-19.0595,-169.9187,82.29,74,75,11.5
130,Bonavista,CA,2021-11-03 21:28:15,48.6499,-53.1147,45.12,66,74,4.65
131,Rincon,US,2021-11-03 21:28:16,32.296,-81.2354,66.16,73,75,8.05
132,Kruisfontein,ZA,2021-11-03 21:28:16,-34.0033,24.7314,52.88,77,0,3.09
133,Carnarvon,AU,2021-11-03 21:28:17,-24.8667,113.6333,64.47,82,0,16.11
134,Diamantina,BR,2021-11-03 21:24:40,-18.2494,-43.6003,68.34,75,78,4.83
135,Hami,CN,2021-11-03 21:29:17,42.8,93.45,45.41,32,0,1.01
136,Pareora,NZ,2021-11-03 21:29:18,-44.4871,171.2132,49.53,61,0,13.11
137,Kodiak,US,2021-11-03 21:29:18,57.79,-152.4072,42.31,70,75,10.36
138,Ilo,PE,2021-11-03 21:29:19,-17.6394,-71.3375,67.06,73,40,6.91
139,Qaqortoq,GL,2021-11-03 21:29:19,60.7167,-46.0333,36.1,94,100,5.88
140,Ongandjera,NA,2021-11-03 21:29:19,-17.8833,15.0667,77.81,18,3,18.72
141,Sorong,ID,2021-11-03 21:29:20,-0.8833,131.25,77.63,87,100,5.61
142,Cidreira,BR,2021-11-03 21:29:20,-30.1811,-50.2056,68.59,94,100,16.87
143,Belyy Yar,RU,2021-11-03 21:29:21,53.6039,91.3903,1.29,71,40,4.47
144,Concarneau,FR,2021-11-03 21:29:21,47.875,-3.9225,48.97,89,31,9.06
145,California City,US,2021-11-03 21:29:22,35.1258,-117.9859,81.25,21,1,1.01
146,Darya Khan,PK,2021-11-03 21:29:22,31.7912,71.1039,67.78,30,0,0.89
147,Cookeville,US,2021-11-03 21:26:45,36.1628,-85.5016,49.01,61,1,1.99
148,Leh,IN,2021-11-03 21:29:23,34.1667,77.5833,18.73,77,69,2.44
149,Tromso,NO,2021-11-03 21:29:24,69.6496,18.957,44.62,70,75,1.99
150,Bengkulu,ID,2021-11-03 21:29:24,-3.8004,102.2655,74.86,90,100,3.71
151,Ikom,NG,2021-11-03 21:29:25,5.9667,8.7063,75.87,91,71,3.06
152,Geraldton,AU,2021-11-03 21:27:48,-28.7667,114.6,52.21,87,0,5.75
153,Tumut,AU,2021-11-03 21:29:26,-35.3,148.2167,61.79,98,100,2.75
154,Nicolas Bravo,MX,2021-11-03 21:29:26,18.45,-88.9167,83.28,37,91,3.11
155,Salinopolis,BR,2021-11-03 21:29:26,-0.6136,-47.3561,81.19,79,58,9.24
156,Domoni,KM,2021-11-03 21:29:27,-12.2569,44.5319,78.21,86,20,4.29
157,Khatanga,RU,2021-11-03 21:29:27,71.9667,102.5,7.02,91,100,17.74
158,Monrovia,LR,2021-11-03 21:29:27,6.3005,-10.7969,78.57,80,8,6.33
159,Tsybli,UA,2021-11-03 21:29:28,49.9948,31.5628,35.73,76,20,2.93
160,Port Hedland,AU,2021-11-03 21:27:50,-20.3167,118.5667,68.05,94,5,5.75
161,Kargil,IN,2021-11-03 21:29:29,34.5667,76.1,22.24,70,55,4.61
162,Cairns,AU,2021-11-03 21:29:29,-16.9167,145.7667,79.07,94,75,11.5
163,Mount Gambier,AU,2021-11-03 21:29:29,-37.8333,140.7667,51.71,93,18,0.0
164,Amga,RU,2021-11-03 21:29:30,60.8953,131.9608,11.37,98,70,3.2
165,Hithadhoo,MV,2021-11-03 21:29:30,-0.6,73.0833,82.15,76,85,15.93
166,Kaitangata,NZ,2021-11-03 21:29:31,-46.2817,169.8464,52.77,48,7,5.06
167,Gersthofen,DE,2021-11-03 21:29:31,48.4167,10.8833,45.77,95,90,2.3
168,Cortez,US,2021-11-03 21:29:31,37.3489,-108.5859,62.67,30,1,8.05
169,Ponta Do Sol,PT,2021-11-03 21:29:32,32.6667,-17.1,73.0,77,100,7.36
170,Kidero,RU,2021-11-03 21:29:32,42.1932,45.9614,43.07,89,100,0.98
171,Bosobolo,CD,2021-11-03 21:29:33,4.1833,19.9,71.78,93,99,1.14
172,Marsaxlokk,MT,2021-11-03 21:29:33,35.8419,14.5431,73.08,94,20,13.8
173,Pouembout,NC,2021-11-03 21:29:33,-21.1333,164.9,74.97,61,6,5.57
174,Padang,ID,2021-11-03 21:26:39,-0.9492,100.3543,73.45,89,100,2.84
175,Kavieng,PG,2021-11-03 21:29:34,-2.5744,150.7967,82.31,80,100,15.48
176,Hammerfest,NO,2021-11-03 21:29:34,70.6634,23.6821,43.25,81,75,5.75
177,Campeche,MX,2021-11-03 21:25:54,19.0,-90.5,89.35,37,97,3.89
178,Camrose,CA,2021-11-03 21:29:35,53.0168,-112.8353,47.82,46,68,6.93
179,Bermeo,ES,2021-11-03 21:29:35,43.4209,-2.7215,51.49,79,88,13.33
180,Naze,JP,2021-11-03 21:30:36,28.3667,129.4833,64.63,65,0,11.9
181,Beroroha,MG,2021-11-03 21:30:36,-21.6667,45.1667,76.39,56,0,3.69
182,Sitka,US,2021-11-03 21:30:37,57.0531,-135.33,48.09,71,90,9.22
183,Aksarka,RU,2021-11-03 21:30:37,66.5606,67.7975,26.33,89,97,15.35
184,Sawtell,AU,2021-11-03 21:30:37,-30.3833,153.1,69.19,76,75,6.91
185,Seoul,KR,2021-11-03 21:26:09,37.5683,126.9778,51.24,97,1,2.3
186,Bakchar,RU,2021-11-03 21:30:38,57.0186,82.0711,3.52,97,72,4.56
187,Tyn Nad Vltavou,CZ,2021-11-03 21:30:38,49.2234,14.4206,50.97,99,100,1.99
188,Tazmalt,DZ,2021-11-03 21:30:39,36.3868,4.3989,59.95,80,100,6.55
189,Gorele,TR,2021-11-03 21:30:39,41.0308,39.0031,62.04,83,54,4.25
190,Hermosillo,MX,2021-11-03 21:30:02,29.0667,-110.9667,93.69,15,0,1.01
191,Chernyshevskiy,RU,2021-11-03 21:30:40,63.0128,112.4714,-1.14,98,92,1.41
192,Iberia,US,2021-11-03 21:30:40,29.9502,-91.7507,71.98,60,1,5.75
193,Verdun,FR,2021-11-03 21:26:47,49.25,5.3333,43.7,94,54,4.41
194,Verkhnyaya Balkariya,RU,2021-11-03 21:30:41,43.1279,43.4573,40.12,86,100,2.86
195,Ginda,IN,2021-11-03 21:30:41,30.6945,78.4932,45.18,42,0,6.78
196,Chabahar,IR,2021-11-03 21:30:42,25.2919,60.643,76.1,65,1,2.08
197,Punalur,IN,2021-11-03 21:30:42,9.0,76.9333,78.48,97,100,1.59
198,Opuwo,NA,2021-11-03 21:30:52,-18.0607,13.84,67.75,28,4,5.84
199,Sola,VU,2021-11-03 21:30:53,-13.8833,167.55,77.67,100,90,0.0
200,Bud,US,2021-11-03 21:30:53,39.447,-86.1758,48.97,49,91,2.24
201,Broome,US,2021-11-03 21:30:54,42.2506,-75.833,44.62,63,75,1.99
202,Kidal,ML,2021-11-03 21:30:54,18.4411,1.4078,82.62,13,35,8.48
203,Mount Pleasant,US,2021-11-03 21:30:54,32.7941,-79.8626,64.18,74,20,5.01
204,Komsomolskoye,RU,2021-11-03 21:30:55,55.2567,47.5461,36.73,56,65,14.81
205,Sobolevo,RU,2021-11-03 21:30:55,54.4299,31.8996,45.82,85,96,13.78
206,Ouango,CF,2021-11-03 21:30:56,4.3133,22.5552,70.54,98,84,2.75
207,Antsohihy,MG,2021-11-03 21:30:56,-14.8796,47.9875,76.71,87,69,0.4
208,Ribeira Grande,PT,2021-11-03 21:30:57,38.5167,-28.7,68.4,94,75,23.02
209,Karratha,AU,2021-11-03 21:30:57,-20.7377,116.8463,71.35,70,11,7.54
210,Esperance,AU,2021-11-03 21:30:58,-33.8667,121.9,51.64,66,33,6.31
211,Cruzeiro Do Sul,BR,2021-11-03 21:30:58,-29.5128,-51.9853,80.53,71,38,2.21
212,Norsup,VU,2021-11-03 21:30:58,-16.0667,167.3833,78.4,80,98,11.41
213,Torbay,CA,2021-11-03 21:30:59,47.6666,-52.7314,44.28,78,20,0.0
214,Surt,LY,2021-11-03 21:30:59,31.2089,16.5887,77.85,36,0,12.82
215,Suntar,RU,2021-11-03 21:31:00,62.1444,117.6319,7.75,88,100,6.17
216,Lagoa,PT,2021-11-03 21:31:00,39.05,-27.9833,67.66,87,100,21.45
217,Lao Cai,VN,2021-11-03 21:31:01,22.4833,103.95,71.24,99,79,0.98
218,Prince Rupert,CA,2021-11-03 21:30:45,54.3161,-130.3201,49.69,84,100,2.3
219,Nianzishan,CN,2021-11-03 21:31:02,47.5167,122.8833,32.23,82,33,2.26
220,Vredendal,ZA,2021-11-03 21:31:04,-31.6683,18.5012,57.69,78,0,5.06
221,Chongwe,ZM,2021-11-03 21:31:05,-15.3292,28.682,75.74,42,46,3.02
222,Shelburne,CA,2021-11-03 21:31:05,44.0787,-80.2041,38.68,70,93,4.16
223,Tautira,PF,2021-11-03 21:31:05,-17.7333,-149.15,84.22,80,42,12.91
224,Ulladulla,AU,2021-11-03 21:31:06,-35.35,150.4667,67.87,74,100,4.16
225,Vanimo,PG,2021-11-03 21:32:06,-2.6741,141.3028,80.17,88,96,4.61
226,Castro,BR,2021-11-03 21:32:07,-24.7911,-50.0119,65.71,73,70,3.96
227,Jiuquan,CN,2021-11-03 21:32:07,39.7432,98.5174,39.04,28,0,7.0
228,Coihaique,CL,2021-11-03 21:29:01,-45.5752,-72.0662,50.61,66,90,9.22
229,Pevek,RU,2021-11-03 21:32:08,69.7008,170.3133,-14.84,98,21,7.56
230,Porto Novo,BJ,2021-11-03 21:32:08,6.4965,2.6036,82.22,83,18,5.97
231,Chapais,CA,2021-11-03 21:32:09,49.7834,-74.8492,29.98,89,100,8.72
232,Nampula,MZ,2021-11-03 21:32:09,-15.1165,39.2666,76.95,65,0,14.97
233,Marathon,US,2021-11-03 21:32:10,44.9,-89.7668,41.2,51,90,8.05
234,Nevel,RU,2021-11-03 21:32:10,56.0209,29.9284,45.72,90,100,8.79
235,Saint-Philippe,RE,2021-11-03 21:32:11,-21.3585,55.7679,69.39,80,6,6.96
236,Khani,GE,2021-11-03 21:32:11,41.9563,42.9566,51.37,95,100,0.58
237,Chicama,PE,2021-11-03 21:32:12,-7.8447,-79.1469,64.94,68,61,8.32
238,Dingle,PH,2021-11-03 21:32:12,10.9995,122.6711,75.65,93,93,6.55
239,Victoria,HK,2021-11-03 21:29:40,22.2855,114.1577,76.98,86,97,1.01
240,Omsukchan,RU,2021-11-03 21:32:13,62.5333,155.8,2.12,89,25,4.83
241,Muyezerskiy,RU,2021-11-03 21:32:13,63.9333,31.65,39.04,93,100,7.63
242,Amalapuram,IN,2021-11-03 21:32:14,16.5833,82.0167,74.12,97,98,4.61
243,Manggar,ID,2021-11-03 21:32:14,-2.8833,108.2667,78.75,84,100,3.42
244,Mattru,SL,2021-11-03 21:32:14,7.6244,-11.8332,74.44,95,25,2.39
245,Fenelon Falls,CA,2021-11-03 21:32:15,44.5334,-78.7496,41.41,67,68,5.91
246,Chibombo,ZM,2021-11-03 21:32:15,-14.6569,28.0706,73.54,48,62,2.08
247,Portland,US,2021-11-03 21:27:40,45.5234,-122.6762,62.37,72,75,1.99
248,Bilibino,RU,2021-11-03 21:32:16,68.0546,166.4372,-21.62,100,73,2.82
249,Ust-Ilimsk,RU,2021-11-03 21:32:16,58.0006,102.6619,7.54,87,100,8.03
250,Sabang,ID,2021-11-03 21:32:17,5.8933,95.3214,81.18,71,93,0.92
251,Tarazona,ES,2021-11-03 21:32:17,41.9,-1.7333,45.19,69,30,8.52
252,Kousseri,CM,2021-11-03 21:32:18,12.0769,15.0306,82.36,65,6,2.3
253,Havelock,US,2021-11-03 21:32:18,34.8791,-76.9013,57.2,67,40,3.0
254,Saint-Pierre,RE,2021-11-03 21:32:19,-21.3393,55.4781,69.48,72,0,4.61
255,Chupa,RU,2021-11-03 21:32:19,66.27,33.0549,37.53,95,100,5.08
256,Miles City,US,2021-11-03 21:32:19,46.4083,-105.8406,62.51,35,1,9.22
257,Usinsk,RU,2021-11-03 21:32:20,65.9939,57.5281,31.33,95,100,21.63
258,Salalah,OM,2021-11-03 21:32:20,17.0151,54.0924,77.09,65,0,4.61
259,Paamiut,GL,2021-11-03 21:32:21,61.994,-49.6678,33.19,99,100,12.26
260,Amberley,US,2021-11-03 21:32:21,39.2048,-84.428,49.71,43,40,1.99
261,Discovery Bay,US,2021-11-03 21:32:22,37.9085,-121.6002,76.15,54,1,0.0
262,Pitea,SE,2021-11-03 21:32:22,65.3172,21.4794,42.1,98,100,2.98
263,San Patricio,US,2021-11-03 21:32:22,28.017,-97.5169,84.29,58,100,9.33
264,Beyneu,KZ,2021-11-03 21:32:23,45.3167,55.2,40.62,37,86,23.13
265,Kununurra,AU,2021-11-03 21:32:23,-15.7667,128.7333,82.38,74,35,9.22
266,Minot,US,2021-11-03 21:32:24,48.2325,-101.2963,53.82,35,1,5.75
267,San Cristobal,VE,2021-11-03 21:33:24,7.7669,-72.225,75.38,75,99,0.58
268,Eirunepe,BR,2021-11-03 21:33:25,-6.6603,-69.8736,83.23,63,93,2.44
269,Boryslav,UA,2021-11-03 21:33:25,49.2867,23.4324,45.57,76,100,5.57
270,Morristown,US,2021-11-03 21:29:48,36.214,-83.2949,51.75,58,90,4.61
271,Punta Cardon,VE,2021-11-03 21:33:26,11.6581,-70.215,82.85,72,87,17.54
272,Mayo,US,2021-11-03 21:33:26,38.8876,-76.5119,51.94,52,20,4.0
273,Necochea,AR,2021-11-03 21:33:27,-38.5473,-58.7368,77.04,71,73,13.06
274,Sao Gabriel Da Cachoeira,BR,2021-11-03 21:33:27,-0.1303,-67.0892,87.6,70,75,3.44
275,Lompoc,US,2021-11-03 21:33:28,34.6391,-120.4579,86.02,66,1,18.41
276,Guayaramerin,BO,2021-11-03 21:33:28,-10.8368,-65.3614,82.74,67,96,0.63
277,Arua,UG,2021-11-03 21:33:28,3.0201,30.9111,62.47,90,100,5.64
278,Mersing,MY,2021-11-03 21:33:29,2.4312,103.8405,75.11,94,100,3.44
279,Vavatenina,MG,2021-11-03 21:33:29,-17.4667,49.2,71.51,96,69,1.3
280,Winchester,GB,2021-11-03 21:32:59,51.0651,-1.3187,46.65,88,20,3.0
281,Hasaki,JP,2021-11-03 21:33:30,35.7333,140.8333,48.6,55,73,6.44
282,Medzev,SK,2021-11-03 21:33:31,48.7004,20.8937,49.6,85,100,3.38
283,Oranjemund,NA,2021-11-03 21:33:31,-28.55,16.4333,57.43,88,4,9.75
284,Talnakh,RU,2021-11-03 21:33:31,69.4865,88.3972,2.79,97,100,13.98
285,Nanortalik,GL,2021-11-03 21:33:32,60.1432,-45.2371,38.21,87,100,6.35
286,Narasannapeta,IN,2021-11-03 21:33:32,18.4167,84.05,74.3,82,91,5.66
287,Ray,IN,2021-11-03 21:33:33,23.6833,85.05,68.77,67,91,1.97
288,Baykit,RU,2021-11-03 21:33:33,61.67,96.37,-11.4,99,40,2.64
289,Bambanglipuro,ID,2021-11-03 21:33:33,-7.95,110.2833,76.23,90,88,3.78
290,Rocha,UY,2021-11-03 21:33:34,-34.4833,-54.3333,64.58,98,100,9.35
291,Sal Rei,CV,2021-11-03 21:33:34,16.1833,-22.9167,77.56,72,82,14.07
292,Vao,NC,2021-11-03 21:33:35,-22.6667,167.4833,69.42,66,2,9.84
293,Ancud,CL,2021-11-03 21:33:35,-41.8697,-73.8203,52.43,83,86,15.57
294,Vila Velha,BR,2021-11-03 21:29:44,-20.3297,-40.2925,76.95,73,75,14.97
295,Araouane,ML,2021-11-03 21:33:36,18.9048,-3.5265,86.0,14,0,7.25
296,Aykhal,RU,2021-11-03 21:33:36,66.0,111.5,-19.5,100,98,2.91
297,Kysyl-Syr,RU,2021-11-03 21:33:37,63.8986,122.7617,14.86,97,99,4.83
298,Kitzbuhel,AT,2021-11-03 21:33:37,47.4464,12.3922,48.22,89,100,1.39
299,Bredasdorp,ZA,2021-11-03 21:33:37,-34.5322,20.0403,63.72,55,2,16.11
300,Fortuna,US,2021-11-03 21:33:38,40.5982,-124.1573,73.92,61,75,8.01
301,Van,TR,2021-11-03 21:29:28,38.4924,43.3831,49.35,87,75,2.3
302,Sampit,ID,2021-11-03 21:33:38,-2.5333,112.95,73.85,97,98,0.76
303,Okitipupa,NG,2021-11-03 21:33:39,6.5047,4.7839,75.65,97,36,2.24
304,Airai,TL,2021-11-03 21:33:39,-8.9266,125.4092,62.89,85,81,3.11
305,Ishigaki,JP,2021-11-03 21:33:40,24.3448,124.1572,73.53,78,75,12.66
306,Beringovskiy,RU,2021-11-03 21:33:40,63.05,179.3167,0.73,83,4,8.95
307,Koyelga,RU,2021-11-03 21:33:41,54.6522,60.9049,18.12,71,19,7.34
308,Nyurba,RU,2021-11-03 21:33:41,63.2842,118.3319,3.52,95,97,6.11
309,Urengoy,RU,2021-11-03 21:33:41,65.9667,78.3667,19.49,95,100,13.47
310,Aripuana,BR,2021-11-03 21:33:42,-9.1667,-60.6333,73.58,94,100,4.14
311,Barguzin,RU,2021-11-03 21:33:42,53.6167,109.6167,21.42,89,100,10.27
312,Pangnirtung,CA,2021-11-03 21:33:43,66.1451,-65.7125,24.8,68,75,3.44
313,Westerville,US,2021-11-03 21:30:36,40.1262,-82.9291,48.29,46,1,1.01
314,Juegang,CN,2021-11-03 21:34:43,32.3174,121.1855,55.9,75,100,4.74
315,Padilla,CO,2021-11-03 21:34:44,3.2204,-76.3139,81.97,83,72,1.72
316,Tevaitoa,PF,2021-11-03 21:34:44,-16.7833,-151.5,78.62,80,43,10.16
317,Sept-Iles,CA,2021-11-03 21:34:45,50.2001,-66.3821,40.05,61,90,5.01
318,Amahai,ID,2021-11-03 21:34:45,-3.3333,128.9167,78.85,87,81,4.18
319,Victor Harbor,AU,2021-11-03 21:34:45,-35.5667,138.6167,61.0,71,5,10.04
320,Ruzhyn,UA,2021-11-03 21:34:46,49.7228,29.2046,43.72,71,44,7.16
321,Taltal,CL,2021-11-03 21:30:19,-25.4,-70.4833,64.22,67,24,7.29
322,Clovis,US,2021-11-03 21:30:39,36.8252,-119.7029,83.68,60,1,1.01
323,Matara,LK,2021-11-03 21:34:47,5.9485,80.5353,77.72,89,100,8.63
324,General Pico,AR,2021-11-03 21:34:47,-35.6566,-63.7568,76.71,56,56,9.78
325,Orlik,RU,2021-11-03 21:34:48,52.5178,99.825,0.3,84,99,4.36
326,Sicuani,PE,2021-11-03 21:34:49,-14.2694,-71.2261,51.85,67,98,8.03
327,Caravelas,BR,2021-11-03 21:34:49,-17.7125,-39.2481,75.61,87,42,8.52
328,Bathsheba,BB,2021-11-03 21:34:49,13.2167,-59.5167,83.01,69,20,10.36
329,Kalabagh,PK,2021-11-03 21:34:50,32.965,71.557,69.24,34,5,2.39
330,Nador,MA,2021-11-03 21:34:50,35.174,-2.9287,61.05,63,75,11.5
331,Vakhrushi,RU,2021-11-03 21:34:51,58.6847,50.0261,28.49,79,46,8.28
332,Muros,ES,2021-11-03 21:34:51,42.7762,-9.0603,53.83,95,84,7.65
333,Chalus,IR,2021-11-03 21:34:53,36.655,51.4204,62.06,100,90,2.3
334,Hambantota,LK,2021-11-03 21:34:53,6.1241,81.1185,75.54,100,40,2.3
335,Gamboula,CF,2021-11-03 21:34:53,4.1178,15.1393,69.22,93,97,1.3
336,Nurota,UZ,2021-11-03 21:34:54,40.5614,65.6886,48.29,55,89,10.94
337,Vaxjo,SE,2021-11-03 21:34:54,56.8777,14.8091,42.73,100,90,3.44
338,Am Timan,TD,2021-11-03 21:34:55,11.0297,20.2827,81.09,50,99,4.03
339,Chegdomyn,RU,2021-11-03 21:34:55,51.1167,133.0167,29.64,92,93,0.54
340,Nouadhibou,MR,2021-11-03 21:34:55,20.931,-17.0347,71.58,78,57,16.11
341,Hutchinson,US,2021-11-03 21:34:56,38.0608,-97.9298,49.35,67,90,1.01
342,Tupelo,US,2021-11-03 21:30:13,34.2576,-88.7034,48.49,82,90,6.91
343,Camopi,GF,2021-11-03 21:30:43,3.1655,-52.3158,79.39,74,100,6.11
344,Mian Channun,PK,2021-11-03 21:34:57,30.44,72.3543,66.63,45,0,3.83
345,Thompson,CA,2021-11-03 21:34:39,55.7435,-97.8558,39.36,60,1,4.61
346,Cermik,TR,2021-11-03 21:34:57,38.1361,39.4493,54.09,73,3,4.63
347,Abu Samrah,SY,2021-11-03 21:34:58,35.3029,37.1841,61.41,66,0,4.94
348,Kahului,US,2021-11-03 21:34:58,20.8947,-156.47,84.22,76,40,21.85
349,Bambous Virieux,MU,2021-11-03 21:34:59,-20.3428,57.7575,73.65,83,40,5.75
350,Anadyr,RU,2021-11-03 21:34:59,64.75,177.4833,-14.01,75,20,11.01
351,Pacifica,US,2021-11-03 21:30:58,37.6138,-122.4869,77.2,74,5,1.01
352,Ensley,US,2021-11-03 21:35:00,30.5188,-87.2728,73.87,60,75,1.01
353,Okhotsk,RU,2021-11-03 21:35:00,59.3833,143.3,17.6,86,34,10.25
354,Morehead,US,2021-11-03 21:35:00,37.2711,-87.1764,50.86,44,1,5.75
355,Bani,DO,2021-11-03 21:35:01,18.2833,-70.3333,81.86,74,32,9.55
356,Fergus Falls,US,2021-11-03 21:35:02,46.283,-96.0776,46.38,50,1,7.0
357,Imbituba,BR,2021-11-03 21:36:03,-28.24,-48.6703,75.09,93,89,12.26
358,Gushikawa,JP,2021-11-03 21:36:03,26.3544,127.8686,69.03,85,75,5.75
359,Nome,US,2021-11-03 21:33:16,64.5011,-165.4064,24.87,80,75,4.61
360,Adrar,MR,2021-11-03 21:36:04,20.5022,-10.0711,78.71,16,1,8.05
361,Upata,VE,2021-11-03 21:36:05,8.0086,-62.3989,82.18,87,93,3.47
362,Saint-Francois,FR,2021-11-03 21:36:05,46.4154,3.9054,42.24,93,75,3.44
363,Namatanai,PG,2021-11-03 21:36:06,-3.6667,152.4333,81.99,79,89,6.78
364,Kieta,PG,2021-11-03 21:36:06,-6.2167,155.6333,81.48,81,100,3.6
365,Christchurch,NZ,2021-11-03 21:36:06,-43.5333,172.6333,55.33,57,90,3.0
366,Vanavara,RU,2021-11-03 21:36:07,60.34,102.2797,3.63,82,100,6.42
367,Nokaneng,BW,2021-11-03 21:36:08,-19.6667,22.2667,85.17,13,54,3.4
368,Narsaq,GL,2021-11-03 21:36:08,60.9167,-46.05,35.82,99,100,4.32
369,Fergus,US,2021-11-03 21:36:08,47.3,-109.2674,58.14,39,98,6.26
370,Labuhan,ID,2021-11-03 21:36:09,-6.8844,112.2051,79.95,81,97,2.93
371,Goderich,CA,2021-11-03 21:36:09,43.7501,-81.7165,41.92,93,100,6.91
372,Tayu,ID,2021-11-03 21:36:10,-6.5397,111.0518,79.07,83,89,2.26
373,Namibe,AO,2021-11-03 21:35:27,-15.1961,12.1522,64.17,86,27,1.16
374,Zuwarah,LY,2021-11-03 21:36:11,32.9312,12.082,78.13,37,0,10.74
375,Pankovka,RU,2021-11-03 21:36:11,58.5,31.1999,45.32,92,100,10.83
376,Boke,GN,2021-11-03 21:36:11,10.9409,-14.2967,77.11,93,48,1.48
377,Port Blair,IN,2021-11-03 21:36:12,11.6667,92.75,80.44,81,37,4.23
378,Kijang,KR,2021-11-03 21:36:12,35.2442,129.2139,47.93,55,5,4.99
379,Spas-Demensk,RU,2021-11-03 21:36:13,54.4122,34.0226,45.73,90,90,9.26
380,Seymchan,RU,2021-11-03 21:36:13,62.8833,152.4333,-0.18,89,11,0.85
381,Asyut,EG,2021-11-03 21:36:14,27.181,31.1837,71.78,44,0,6.31
382,Marsh Harbour,BS,2021-11-03 21:35:34,26.5412,-77.0636,78.08,62,7,10.22
383,Klaksvik,FO,2021-11-03 21:36:14,62.2266,-6.589,38.32,66,100,17.29
384,Abu Kamal,SY,2021-11-03 21:36:15,34.4506,40.9171,67.42,50,6,9.13
385,Rockport,US,2021-11-03 21:36:15,28.0206,-97.0544,81.0,63,40,3.0
386,Aasiaat,GL,2021-11-03 21:36:16,68.7098,-52.8699,27.32,86,99,3.76
387,Riberalta,BO,2021-11-03 21:36:16,-10.9833,-66.1,75.4,94,75,0.0
388,Las Vegas,US,2021-11-03 21:35:46,36.175,-115.1372,80.62,25,1,0.0
389,Faanui,PF,2021-11-03 21:36:17,-16.4833,-151.75,78.48,78,17,6.58
390,Bocana De Paiwas,NI,2021-11-03 21:36:17,12.7857,-85.1227,78.53,89,96,6.98
391,Tuatapere,NZ,2021-11-03 21:36:18,-46.1333,167.6833,60.82,46,7,1.86
392,Marolambo,MG,2021-11-03 21:36:19,-20.05,48.1167,68.81,97,18,1.52
393,Vestmannaeyjar,IS,2021-11-03 21:36:19,63.4427,-20.2734,46.99,87,93,20.13
394,Norman Wells,CA,2021-11-03 21:36:19,65.282,-126.8329,15.84,92,90,3.44
395,Son La,VN,2021-11-03 21:36:20,21.3167,103.9,65.12,99,79,1.36
396,Stelle,DE,2021-11-03 21:36:20,53.3842,10.1114,46.42,93,100,4.63
397,Luwuk,ID,2021-11-03 21:36:21,-0.9516,122.7875,78.26,83,99,2.04
398,San Vicente,AR,2021-11-03 21:36:21,-26.6167,-54.1333,66.25,98,75,3.31
399,Ambon,ID,2021-11-03 21:36:21,-3.6954,128.1814,81.55,80,59,6.51
400,Marzuq,YE,2021-11-03 21:37:22,14.4,46.4667,69.93,25,3,3.22
401,Kunya,NG,2021-11-03 21:37:22,12.2233,8.5325,69.96,64,0,3.44
402,Otavalo,EC,2021-11-03 21:37:23,0.2333,-78.2667,64.62,88,96,4.34
403,Acari,PE,2021-11-03 21:37:23,-15.4311,-74.6158,71.29,65,9,7.54
404,Makakilo City,US,2021-11-03 21:34:48,21.3469,-158.0858,83.28,65,75,8.05
405,Kyra,RU,2021-11-03 21:37:24,49.5776,111.9753,27.82,52,93,2.71
406,Meulaboh,ID,2021-11-03 21:37:24,4.1363,96.1285,75.42,90,100,3.09
407,Kuragino,RU,2021-11-03 21:37:24,53.8975,92.6725,8.76,80,100,5.21
408,Smithers,CA,2021-11-03 21:34:04,54.7804,-127.1743,44.92,81,40,5.75
409,Ust-Tsilma,RU,2021-11-03 21:37:25,65.441,52.1498,35.91,88,100,10.04
410,Lardos,GR,2021-11-03 21:37:25,36.0942,28.0157,69.62,80,5,3.44
411,Brandenburg,DE,2021-11-03 21:37:26,52.4167,12.55,48.87,84,100,6.82
412,Ulaangom,MN,2021-11-03 21:37:26,49.9811,92.0667,6.78,50,1,8.5
413,Axim,GH,2021-11-03 21:37:27,4.8699,-2.2405,78.24,85,91,6.17
414,Ayagoz,KZ,2021-11-03 21:37:27,47.9714,80.4392,6.03,87,98,15.41
415,Riohacha,CO,2021-11-03 21:37:27,11.5444,-72.9072,80.17,82,26,10.22
416,Dubbo,AU,2021-11-03 21:37:28,-32.25,148.6167,60.93,88,90,5.75
417,Maxixe,MZ,2021-11-03 21:37:28,-23.8597,35.3472,71.2,91,14,7.92
418,Davila,PH,2021-11-03 21:37:29,18.4726,120.5763,71.58,74,8,7.9
419,Cape Coast,GH,2021-11-03 21:37:29,5.1053,-1.2466,79.05,84,92,7.0
420,Kenai,US,2021-11-03 21:37:29,60.5544,-151.2583,41.09,94,20,4.61
421,Huarmey,PE,2021-11-03 21:37:30,-10.0681,-78.1522,67.59,76,51,8.77
422,Te Anau,NZ,2021-11-03 21:37:30,-45.4167,167.7167,57.27,59,16,0.58
423,Tadine,NC,2021-11-03 21:37:31,-21.55,167.8833,73.22,60,17,12.3
424,Isangel,VU,2021-11-03 21:37:31,-19.55,169.2667,77.11,69,75,3.44
425,Tefe,BR,2021-11-03 21:37:32,-3.3542,-64.7114,84.31,79,75,6.91
426,Golden Gate,US,2021-11-03 21:37:32,26.1879,-81.6951,84.22,68,90,6.91
427,Ahipara,NZ,2021-11-03 21:37:32,-35.1667,173.1667,58.6,69,84,5.55
428,Ruwi,OM,2021-11-03 21:37:33,23.5996,58.5507,79.14,43,5,9.44
429,Fukue,JP,2021-11-03 21:37:33,32.6881,128.8419,65.16,57,3,16.15
430,Batagay,RU,2021-11-03 21:37:34,67.6333,134.6333,-14.69,99,79,1.88
431,Abapo,BO,2021-11-03 21:37:34,-18.8333,-63.4667,82.71,44,63,11.21
432,Araguacu,BR,2021-11-03 21:37:34,-12.9306,-49.8264,76.19,85,89,3.53
433,Kutum,SD,2021-11-03 21:37:35,14.2,24.6667,74.32,26,9,11.48
434,Lipin Bor,RU,2021-11-03 21:37:35,60.2622,37.9763,40.78,91,99,13.02
435,Muravlenko,RU,2021-11-03 21:37:36,63.7898,74.523,17.87,94,100,18.77
436,Yarada,IN,2021-11-03 21:37:36,17.65,83.2667,77.32,94,75,2.3
437,Minab,IR,2021-11-03 21:37:36,27.1467,57.0801,74.7,65,57,3.78
438,Tarbagatay,RU,2021-11-03 21:37:37,51.4803,107.3602,20.73,58,100,14.32
439,Griffith,US,2021-11-03 21:33:20,41.5284,-87.4237,45.09,48,75,1.99
440,Sivas,TR,2021-11-03 21:37:37,39.7916,37.0019,48.83,100,75,2.3
441,Ochakiv,UA,2021-11-03 21:37:38,46.6128,31.5498,42.94,79,70,1.61
442,Puerto Escondido,MX,2021-11-03 21:37:38,15.85,-97.0667,83.23,74,1,11.5
443,Boshnyakovo,RU,2021-11-03 21:37:39,49.6333,142.1667,33.51,80,32,6.42
444,Wlodawa,PL,2021-11-03 21:37:39,51.55,23.55,41.31,79,89,6.96
445,Ayan,RU,2021-11-03 21:37:40,56.45,138.1667,28.54,72,100,6.06
446,Meadow Lake,US,2021-11-03 21:37:40,34.8014,-106.5436,67.3,23,20,7.83
447,Jega,NG,2021-11-03 21:37:40,12.2175,4.3792,83.32,20,43,5.95
448,Garden City,US,2021-11-03 21:37:41,42.3256,-83.331,44.89,51,75,3.44
449,Tessaoua,NE,2021-11-03 21:38:41,13.7574,7.9874,85.68,20,1,9.73
450,Srivardhan,IN,2021-11-03 21:38:42,18.0333,73.0167,78.49,72,99,4.74
451,Aguachica,CO,2021-11-03 21:38:42,8.3084,-73.6166,78.58,90,98,2.28
452,Marinette,US,2021-11-03 21:38:42,45.1,-87.6307,41.31,56,90,4.61
453,Markova,UA,2021-11-03 21:38:43,48.6758,24.4138,44.49,64,100,5.06
454,Bayburt,TR,2021-11-03 21:38:43,40.2589,40.2278,44.69,83,81,1.39
455,Inhambane,MZ,2021-11-03 21:38:44,-23.865,35.3833,72.0,90,14,9.08
456,Bom Sucesso,BR,2021-11-03 21:38:44,-21.0331,-44.7581,71.44,73,94,2.77
457,Mokhsogollokh,RU,2021-11-03 21:38:45,61.4681,128.9203,8.82,98,76,2.35
458,Koslan,RU,2021-11-03 21:38:45,63.4564,48.8989,34.09,91,100,10.42
459,Hofn,IS,2021-11-03 21:38:45,64.2539,-15.2082,37.74,63,99,8.86
460,Kyenjojo,UG,2021-11-03 21:38:46,0.6328,30.6214,60.82,97,98,0.67
461,Shingu,JP,2021-11-03 21:38:46,33.7333,135.9833,53.65,66,59,5.64
462,Saint-Augustin,CA,2021-11-03 21:38:47,51.226,-58.6502,40.05,58,5,10.65
463,Shaturtorf,RU,2021-11-03 21:38:47,55.5672,39.4169,43.84,89,100,12.5
464,Evensk,RU,2021-11-03 21:38:48,61.95,159.2333,11.8,87,100,3.85
465,Buala,SB,2021-11-03 21:38:48,-8.145,159.5921,82.27,77,71,6.29
466,Pauini,BR,2021-11-03 21:38:49,-7.7136,-66.9764,83.59,64,95,1.57
467,Samarai,PG,2021-11-03 21:38:49,-10.6167,150.6667,81.81,71,85,12.64
468,Puri,IN,2021-11-03 21:38:49,19.8,85.85,72.12,69,93,7.29
469,Sioux City,US,2021-11-03 21:35:15,42.5,-96.4003,48.99,65,90,4.0
470,Hoquiam,US,2021-11-03 21:38:50,46.9809,-123.8893,57.92,66,90,9.22
471,Williamsport,US,2021-11-03 21:34:25,41.2412,-77.0011,48.22,48,40,9.22
472,Segovia,ES,2021-11-03 21:38:51,41.1667,-4.0,41.83,84,34,4.61
473,Havre-Saint-Pierre,CA,2021-11-03 21:38:51,50.2334,-63.5986,41.0,65,40,17.27
474,Cosoleacaque,MX,2021-11-03 21:38:52,18.0,-94.6167,83.91,65,75,6.91
475,Humaita,BR,2021-11-03 21:38:52,-7.5061,-63.0208,78.12,86,100,4.36
476,Kedrovyy,RU,2021-11-03 21:38:53,56.1667,91.8167,-5.39,91,100,9.17
477,Sarkand,KZ,2021-11-03 21:38:53,45.41,79.9186,2.14,92,83,3.91
478,Jieshi,CN,2021-11-03 21:38:53,22.8134,115.8257,72.41,83,90,13.27
479,Yar-Sale,RU,2021-11-03 21:38:54,66.8333,70.8333,26.28,87,100,13.15
480,Comodoro Rivadavia,AR,2021-11-03 21:38:54,-45.8667,-67.5,64.26,36,40,25.32
481,Deputatskiy,RU,2021-11-03 21:38:55,69.3,139.9,-2.63,96,100,4.07
482,Karema,TZ,2021-11-03 21:38:55,-6.8205,30.4389,71.91,82,97,5.48
483,Kayankulam,IN,2021-11-03 21:38:55,9.1833,76.5,75.04,91,100,3.29
484,Saint Anthony,US,2021-11-03 21:38:56,45.0205,-93.218,46.85,45,75,1.99
485,Daru,PG,2021-11-03 21:38:56,-9.0763,143.2092,80.6,83,23,15.39
486,Savinka,RU,2021-11-03 21:38:57,50.0785,47.0994,43.7,45,100,17.43
487,Maldonado,UY,2021-11-03 21:38:57,-34.6667,-54.9167,66.22,96,100,11.81
488,Tadpatri,IN,2021-11-03 21:38:57,14.9167,78.0167,73.81,94,52,4.29
489,Lasa,IT,2021-11-03 21:38:58,46.6166,10.7002,44.06,98,100,2.19
490,Eydhafushi,MV,2021-11-03 21:38:58,5.1033,73.0708,81.63,77,99,20.38
491,Independence,US,2021-11-03 21:38:59,39.0911,-94.4155,52.45,39,20,1.01
492,Mill Valley,US,2021-11-03 21:38:59,37.906,-122.545,76.8,71,2,3.87
493,Yangambi,CD,2021-11-03 21:40:00,0.8102,24.4336,69.82,96,87,1.72
494,Villablino,ES,2021-11-03 21:40:00,42.9393,-6.3194,40.26,99,96,3.42
495,Tamandare,BR,2021-11-03 21:40:01,-8.7597,-35.1047,79.38,80,21,15.68
496,Asau,RO,2021-11-03 21:40:02,46.4333,26.4,45.75,61,97,3.33
497,Atar,MR,2021-11-03 21:40:02,20.5169,-13.0499,82.76,14,29,8.43
498,Canora,CA,2021-11-03 21:40:03,51.6333,-102.4343,48.22,43,0,5.5
499,Port Moresby,PG,2021-11-03 21:40:04,-9.4431,147.1797,78.22,78,40,3.44
500,Sri Aman,MY,2021-11-03 21:40:05,1.2376,111.4621,75.25,94,100,0.0
501,Kuusamo,FI,2021-11-03 21:40:06,65.9667,29.1833,35.64,100,90,5.75
502,Hvide Sande,DK,2021-11-03 21:40:07,56.0045,8.1294,43.09,87,16,8.32
503,Waipawa,NZ,2021-11-03 21:40:07,-41.4122,175.5153,52.03,73,100,14.27
504,Nemuro,JP,2021-11-03 21:40:08,43.3236,145.575,51.03,88,100,23.02
505,Mufumbwe,ZM,2021-11-03 21:40:09,-13.6833,24.8,67.62,70,59,4.76
506,Praia Da Vitoria,PT,2021-11-03 21:40:09,38.7333,-27.0667,66.45,94,75,20.09
507,Herat,AF,2021-11-03 21:40:10,34.5,62.0,60.82,20,100,5.01
508,Hobyo,SO,2021-11-03 21:40:10,5.3505,48.5268,79.97,75,56,6.82
509,Banda Aceh,ID,2021-11-03 21:40:11,5.5577,95.3222,78.71,80,98,1.1
510,Panzhihua,CN,2021-11-03 21:40:11,26.5851,101.7128,53.92,86,14,1.25
511,Mitu,CO,2021-11-03 21:40:12,1.1983,-70.1733,75.45,96,95,2.84
512,Suifenhe,CN,2021-11-03 21:40:12,44.4,131.1667,35.67,91,92,2.35
513,Guerrero Negro,MX,2021-11-03 21:40:13,27.9769,-114.0611,71.85,64,2,13.73
514,Srednekolymsk,RU,2021-11-03 21:40:13,67.45,153.6833,-11.76,93,46,6.06
515,Kiruna,SE,2021-11-03 21:40:13,67.8557,20.2251,34.72,93,90,5.75
516,Cockburn Town,TC,2021-11-03 21:40:14,21.4612,-71.1419,82.02,73,6,14.79
517,Balabac,PH,2021-11-03 21:40:14,7.9868,117.0645,81.41,82,100,10.89
518,Xuddur,SO,2021-11-03 21:40:15,4.1213,43.8894,73.13,84,93,11.88
519,Concepcion,CL,2021-11-03 21:36:04,-36.827,-73.0498,58.8,55,75,12.66
520,Korla,CN,2021-11-03 21:40:15,41.7597,86.1469,42.75,36,97,2.8
521,Belaya Gora,RU,2021-11-03 21:40:16,68.5333,146.4167,-9.62,100,92,3.33
522,Sultanpur,IN,2021-11-03 21:40:16,26.2667,82.0667,66.76,63,0,5.19
523,Kushmurun,KZ,2021-11-03 21:40:17,52.4503,64.6311,18.3,59,5,4.74
524,Eggenfelden,DE,2021-11-03 21:40:17,48.4054,12.7626,46.71,95,100,8.32
525,Half Moon Bay,US,2021-11-03 21:40:17,37.4636,-122.4286,77.92,70,9,3.74
526,Quelimane,MZ,2021-11-03 21:40:18,-17.8786,36.8883,78.75,94,0,4.61
527,Turukhansk,RU,2021-11-03 21:40:18,65.8167,87.9833,5.09,93,100,17.6
528,Riyadh,SA,2021-11-03 21:39:29,24.6877,46.7219,69.94,23,0,3.24
529,Vila Franca Do Campo,PT,2021-11-03 21:40:19,37.7167,-25.4333,68.2,89,100,10.16
530,Puerto Del Rosario,ES,2021-11-03 21:40:19,28.5004,-13.8627,71.35,73,20,10.36
531,Morro Bay,US,2021-11-03 21:40:20,35.3658,-120.8499,79.57,65,8,5.01
532,Acapulco,MX,2021-11-03 21:35:24,16.8634,-99.8901,84.02,74,75,8.05
533,North Platte,US,2021-11-03 21:40:20,41.1239,-100.7654,58.98,64,1,3.0
534,Farah,AF,2021-11-03 21:40:21,32.5,62.5,57.67,15,22,3.06
535,Ternuvate,UA,2021-11-03 21:40:21,47.8305,36.1276,53.08,88,98,5.41
536,Trelew,AR,2021-11-03 21:40:21,-43.249,-65.3051,73.72,25,73,31.97
537,Pangai,TO,2021-11-03 21:37:19,-19.8,-174.35,82.51,69,75,10.36
538,Ushtobe,KZ,2021-11-03 21:40:22,45.2514,77.9838,9.61,68,3,14.2
539,Menongue,AO,2021-11-03 21:40:22,-14.6585,17.691,70.99,46,43,2.46
540,Oyonnax,FR,2021-11-03 21:41:23,46.2592,5.6573,42.24,96,88,1.19
541,Forest Grove,US,2021-11-03 21:37:53,45.5198,-123.1107,60.37,78,90,1.01
542,Maryborough,AU,2021-11-03 21:41:24,-25.5333,152.7,68.11,50,42,5.59
543,Pastavy,BY,2021-11-03 21:41:24,55.1168,26.8326,45.66,89,100,12.8
544,Amuntai,ID,2021-11-03 21:41:25,-2.4177,115.2494,74.12,99,99,2.51
545,Ambilobe,MG,2021-11-03 21:41:25,-13.2,49.05,73.78,87,13,3.8
546,The Valley,AI,2021-11-03 21:41:25,18.217,-63.0578,84.06,78,40,16.11
547,Baley,RU,2021-11-03 21:41:26,51.6,116.6333,23.5,88,68,4.68
548,Sembe,CG,2021-11-03 21:41:26,1.6481,14.5806,70.65,97,100,1.92
549,Santiago Del Estero,AR,2021-11-03 21:41:27,-27.7951,-64.2615,86.13,44,22,12.03
550,Chaohu,CN,2021-11-03 21:41:27,31.6,117.8667,57.31,75,90,3.51
551,Svetlyy,RU,2021-11-03 21:41:27,54.675,20.1347,46.45,87,30,8.28
552,Manta,EC,2021-11-03 21:41:28,-0.95,-80.7333,78.58,73,40,16.11
553,Esna,EG,2021-11-03 21:41:28,25.2934,32.554,75.22,33,0,8.79
554,Lucea,JM,2021-11-03 21:41:29,18.451,-78.1736,84.06,79,52,10.04
555,Nuuk,GL,2021-11-03 21:40:35,64.1835,-51.7216,34.41,100,90,32.21
556,Monte Patria,CL,2021-11-03 21:41:29,-30.6919,-70.9467,73.4,36,25,6.85
557,Warrnambool,AU,2021-11-03 21:41:30,-38.3833,142.4833,56.44,77,0,9.84
558,Pochutla,MX,2021-11-03 21:41:30,15.7432,-96.4661,87.82,70,82,5.97
559,Cantagalo,BR,2021-11-03 21:41:30,-21.9811,-42.3681,67.17,90,89,4.92
